                  epoch,         train/box_loss,         train/cls_loss,         train/dfl_loss,   metrics/precision(B),      metrics/recall(B),       metrics/mAP50(B),    metrics/mAP50-95(B),           val/box_loss,           val/cls_loss,           val/dfl_loss,                 lr/pg0,                 lr/pg1,                 lr/pg2
                      0,                 1.0443,                 4.2979,                 1.3618,                0.12344,                0.37048,                0.17196,                0.12928,                0.66367,                  4.708,                 1.1809,                 0.0928,                 0.0008,                 0.0008
                      1,                0.99777,                 3.2679,                 1.3319,                0.75424,                0.52857,                0.65492,                0.55387,                0.57012,                 3.4412,                  1.064,               0.084696,              0.0016965,              0.0016965
                      2,                0.86195,                 1.7327,                 1.1852,                0.78816,                0.87542,                0.87031,                0.74568,                0.59148,                  1.479,                 1.0352,               0.076589,              0.0025893,              0.0025893
                      3,                0.78826,                 1.1318,                 1.1275,                0.94478,                0.86213,                0.95475,                0.80955,                0.57896,                0.89364,                 1.0364,               0.068478,              0.0034783,              0.0034783
                      4,                0.71699,                0.89095,                 1.0831,                0.90811,                0.94587,                0.97461,                 0.8133,                0.58402,                0.67971,                 1.0491,               0.060364,              0.0043637,              0.0043637
                      5,                0.70412,                0.81713,                  1.086,                0.90462,                0.89363,                0.93944,                0.78548,                0.63171,                 0.7074,                 1.1029,               0.052245,              0.0052453,              0.0052453
                      6,                0.71806,                0.74616,                 1.0621,                0.93277,                0.98346,                0.98625,                0.82434,                0.55616,                0.64122,                  1.046,               0.044123,              0.0061233,              0.0061233
                      7,                0.74075,                0.70616,                 1.0709,                0.89493,                0.88058,                 0.9629,                0.78862,                0.66977,                0.72476,                 1.1866,               0.035997,              0.0069975,              0.0069975
                      8,                0.73958,                0.70627,                 1.0522,                0.94123,                0.89364,                0.93908,                0.78305,                0.61766,                0.73975,                  1.096,               0.027868,               0.007868,               0.007868
                      9,                0.77778,                0.70792,                 1.0786,                0.92395,                0.93234,                0.97633,                0.78144,                0.78007,                0.96212,                 1.2831,               0.019735,              0.0087348,              0.0087348
                     10,                 0.7866,                0.68702,                 1.0948,                0.93444,                0.86746,                0.93777,                0.71116,                0.80464,                 1.0289,                 1.3451,               0.011598,              0.0095979,              0.0095979
                     11,                0.82111,                0.71401,                 1.1199,                0.68708,                0.80851,                0.89116,                 0.6378,                 1.0546,                 1.9808,                 1.6532,              0.0097731,              0.0097731,              0.0097731
                     12,                 0.7744,                0.66979,                 1.0727,                0.83641,                0.95847,                0.97013,                0.75824,                0.77942,                 1.5295,                  1.333,              0.0097731,              0.0097731,              0.0097731
                     13,                0.80536,                0.70899,                 1.1062,                0.81809,                0.83366,                0.95031,                0.75161,                 0.8243,                0.94075,                 1.3469,              0.0097525,              0.0097525,              0.0097525
                     14,                0.80646,                0.67064,                 1.0797,                  0.815,                0.77677,                0.83939,                 0.6529,                0.80325,                 1.3256,                 1.3856,              0.0097319,              0.0097319,              0.0097319
                     15,                0.79285,                0.59946,                 1.1049,                0.90781,                0.76246,                0.90659,                0.67787,                0.94724,                 1.0366,                 1.5127,              0.0097113,              0.0097113,              0.0097113
                     16,                0.75639,                0.63124,                  1.091,                0.89789,                0.91142,                0.93127,                0.68624,                 0.8367,                0.87595,                 1.3735,              0.0096906,              0.0096906,              0.0096906
                     17,                0.74663,                 0.6049,                  1.083,                0.75086,                0.82201,                0.89367,                 0.6547,                 0.9013,                0.98445,                 1.4923,                0.00967,                0.00967,                0.00967
                     18,                0.77977,                0.62458,                 1.1025,                0.57657,                0.47647,                0.48101,                0.34491,                 1.3805,                 2.7518,                  2.196,              0.0096494,              0.0096494,              0.0096494
                     19,                0.79434,                0.64621,                 1.1054,                0.64434,                0.67508,                0.63746,                0.45351,                 1.2484,                 1.6014,                  2.146,              0.0096288,              0.0096288,              0.0096288
                     20,                0.81096,                0.65348,                 1.1083,                0.76792,                0.82341,                0.87446,                0.68662,                0.79773,                 1.1921,                 1.3378,              0.0096081,              0.0096081,              0.0096081
                     21,                0.79077,                 0.6021,                 1.0875,                0.69423,                0.80946,                0.84899,                0.63461,                0.85616,                 2.4625,                 1.5149,              0.0095875,              0.0095875,              0.0095875
                     22,                0.81406,                0.61066,                 1.1208,                0.79549,                0.82661,                0.93453,                0.67824,                0.97672,                 3.3859,                 1.6097,              0.0095669,              0.0095669,              0.0095669
                     23,                0.82378,                0.61492,                 1.1193,                0.91476,                0.83843,                0.96152,                0.74831,                0.75207,                0.77124,                   1.37,              0.0095463,              0.0095463,              0.0095463
                     24,                0.81742,                0.60096,                  1.097,                0.92151,                0.85534,                0.95946,                0.70508,                 0.8386,                 1.0351,                  1.451,              0.0095256,              0.0095256,              0.0095256
                     25,                 0.8241,                0.59704,                 1.1119,                0.90868,                0.90359,                0.94974,                0.73176,                0.78059,                0.82504,                 1.3328,               0.009505,               0.009505,               0.009505
                     26,                0.79198,                0.59225,                 1.0948,                0.83106,                0.86826,                 0.9675,                 0.7802,                0.70053,                 1.1597,                 1.2451,              0.0094844,              0.0094844,              0.0094844
                     27,                0.80289,                0.59799,                 1.1074,                0.87802,                0.93171,                0.94431,                0.73641,                0.72458,                0.63393,                 1.2505,              0.0094637,              0.0094637,              0.0094637
                     28,                 0.7744,                0.59861,                 1.0879,                0.87553,                0.97439,                0.98301,                0.73288,                0.82195,                0.65824,                 1.2919,              0.0094431,              0.0094431,              0.0094431
                     29,                0.77232,                0.59121,                  1.088,                 0.8465,                 0.9449,                0.94409,                0.71179,                0.77711,                 0.6225,                 1.3225,              0.0094225,              0.0094225,              0.0094225
                     30,                0.76715,                0.56687,                 1.0691,                0.86371,                0.96559,                0.97496,                0.74058,                0.81678,                0.69313,                 1.3327,              0.0094019,              0.0094019,              0.0094019
                     31,                0.77199,                0.58319,                 1.0887,                0.93691,                0.94356,                0.98438,                0.75959,                0.73068,                 0.6332,                 1.2214,              0.0093813,              0.0093813,              0.0093813
                     32,                0.76022,                0.57219,                 1.0723,                0.91524,                0.93304,                0.97824,                0.77236,                0.72294,                 0.6814,                  1.183,              0.0093606,              0.0093606,              0.0093606
                     33,                0.76235,                 0.6283,                 1.0723,                0.91197,                0.95526,                0.97459,                 0.7766,                0.66961,                0.61761,                  1.177,                0.00934,                0.00934,                0.00934
                     34,                0.79527,                0.64973,                  1.088,                0.83712,                0.96357,                0.95119,                0.77929,                0.66416,                 0.6138,                 1.1525,              0.0093194,              0.0093194,              0.0093194
                     35,                0.75282,                0.55545,                 1.0725,                0.89995,                0.97564,                0.95192,                0.78471,                0.69818,                0.57802,                 1.1619,              0.0092987,              0.0092987,              0.0092987
                     36,                0.74879,                 0.5502,                 1.0818,                0.91524,                0.96714,                0.97716,                0.78415,                0.71977,                0.51882,                 1.1986,              0.0092781,              0.0092781,              0.0092781
                     37,                 0.7802,                 0.5552,                 1.0963,                0.93001,                0.97143,                0.97252,                0.79163,                0.67087,                0.54681,                 1.1476,              0.0092575,              0.0092575,              0.0092575
                     38,                0.76004,                0.52661,                 1.0702,                0.77716,                0.78515,                0.86724,                0.61227,                 1.1232,                0.99751,                 1.9013,              0.0092369,              0.0092369,              0.0092369
                     39,                0.73023,                0.52766,                 1.0724,                0.86963,                0.89261,                 0.9314,                  0.705,                0.90209,                0.92054,                 1.4288,              0.0092163,              0.0092163,              0.0092163
                     40,                0.75537,                0.54926,                 1.0829,                0.81599,                 0.8535,                0.91456,                0.71377,                0.77505,                0.78145,                 1.2835,              0.0091956,              0.0091956,              0.0091956
                     41,                 0.7748,                0.55623,                 1.0925,                0.81215,                0.88586,                 0.9305,                0.71389,                0.84313,                0.72688,                 1.3606,               0.009175,               0.009175,               0.009175
                     42,                0.74099,                0.52012,                 1.0752,                0.92326,                0.90015,                 0.9591,                 0.8026,                0.68693,                0.53082,                 1.1721,              0.0091544,              0.0091544,              0.0091544
                     43,                 0.7269,                 0.5114,                 1.0473,                0.87952,                0.91107,                 0.9345,                  0.754,                0.69109,                0.55562,                 1.1703,              0.0091337,              0.0091337,              0.0091337
                     44,                0.75937,                0.51588,                 1.0861,                0.90473,                0.92685,                0.94039,                 0.7619,                0.68059,                0.53589,                 1.1458,              0.0091131,              0.0091131,              0.0091131
                     45,                0.74193,                0.53606,                 1.0561,                0.93749,                 0.9219,                0.94136,                0.76412,                0.69458,                0.48403,                 1.1525,              0.0090925,              0.0090925,              0.0090925
                     46,                0.73677,                0.51461,                 1.0511,                0.92685,                0.89941,                0.95204,                0.79089,                0.69168,                0.46507,                 1.1443,              0.0090719,              0.0090719,              0.0090719
                     47,                0.76588,                 0.5454,                  1.079,                0.89249,                0.91242,                0.94378,                0.78341,                0.70815,                0.49099,                 1.1619,              0.0090513,              0.0090513,              0.0090513
                     48,                 0.6923,                0.47264,                 1.0339,                 0.8825,                 0.9119,                0.91624,                0.74898,                0.73449,                0.54833,                 1.1869,              0.0090306,              0.0090306,              0.0090306
                     49,                0.73348,                0.52701,                 1.0644,                0.92205,                0.93134,                0.93128,                0.77196,                 0.6622,                0.50106,                 1.1395,                0.00901,                0.00901,                0.00901
                     50,                0.71253,                0.49621,                 1.0366,                 0.9423,                0.92819,                0.94634,                0.77208,                0.66109,                0.47258,                 1.1322,              0.0089894,              0.0089894,              0.0089894
                     51,                0.68716,                0.47691,                 1.0543,                0.91001,                0.92794,                0.94367,                0.78352,                0.66449,                0.47695,                 1.1238,              0.0089688,              0.0089688,              0.0089688
                     52,                 0.6804,                0.48831,                  1.046,                0.87864,                0.94071,                 0.9417,                0.77466,                0.65046,                0.51656,                 1.1232,              0.0089481,              0.0089481,              0.0089481
                     53,                0.71214,                0.49576,                 1.0456,                0.91387,                0.95867,                 0.9691,                0.79763,                0.69053,                 0.5818,                 1.1581,              0.0089275,              0.0089275,              0.0089275
                     54,                0.71656,                 0.5155,                 1.0472,                0.93612,                0.96469,                0.96222,                  0.782,                0.70635,                0.66876,                 1.1751,              0.0089069,              0.0089069,              0.0089069
                     55,                0.70746,                0.48781,                  1.069,                0.93496,                0.96369,                 0.9908,                 0.7972,                0.67073,                0.46998,                 1.1659,              0.0088863,              0.0088863,              0.0088863
                     56,                0.70344,                0.49448,                 1.0455,                0.89624,                0.95955,                0.96812,                 0.7675,                0.68962,                0.46996,                 1.2041,              0.0088656,              0.0088656,              0.0088656
                     57,                 0.6815,                0.48381,                 1.0364,                0.92997,                0.87182,                0.92848,                0.75257,                0.68979,                0.61513,                 1.1905,               0.008845,               0.008845,               0.008845
                     58,                0.70218,                0.48118,                 1.0354,                0.93275,                0.98142,                0.97714,                  0.783,                0.68924,                0.48604,                 1.2082,              0.0088244,              0.0088244,              0.0088244
                     59,                0.70505,                0.50364,                 1.0423,                0.91847,                0.95259,                0.97053,                0.80026,                0.68492,                0.48189,                 1.1897,              0.0088038,              0.0088038,              0.0088038
                     60,                0.69464,                0.49608,                  1.035,                 0.9535,                0.94534,                 0.9782,                0.79855,                0.68303,                0.54067,                 1.1654,              0.0087831,              0.0087831,              0.0087831
                     61,                0.69112,                0.47921,                 1.0582,                0.95466,                0.95764,                0.98594,                0.80932,                0.66689,                0.46599,                 1.1648,              0.0087625,              0.0087625,              0.0087625
                     62,                 0.6756,                0.49593,                 1.0449,                0.95313,                 0.9357,                0.98503,                 0.8183,                0.65192,                0.44256,                 1.1493,              0.0087419,              0.0087419,              0.0087419
                     63,                0.68764,                0.49077,                 1.0626,                0.91506,                0.98236,                0.98275,                0.83358,                0.59596,                0.43251,                 1.0975,              0.0087212,              0.0087212,              0.0087212
                     64,                0.65446,                0.45117,                 1.0239,                0.91542,                0.96002,                0.98155,                 0.8302,                 0.6008,                0.39782,                 1.0931,              0.0087006,              0.0087006,              0.0087006
                     65,                0.68375,                0.45242,                 1.0382,                0.90055,                0.95935,                0.97208,                0.81869,                0.64271,                0.43533,                 1.1169,                0.00868,                0.00868,                0.00868
                     66,                0.68655,                0.47265,                 1.0435,                0.94652,                0.97203,                0.98262,                 0.8292,                0.61477,                0.42176,                 1.0993,              0.0086594,              0.0086594,              0.0086594
                     67,                0.70034,                0.49976,                 1.0374,                0.94817,                0.96716,                  0.988,                0.81658,                0.66577,                0.41129,                 1.2007,              0.0086388,              0.0086388,              0.0086388
                     68,                0.67314,                0.46179,                 1.0247,                0.91735,                0.97674,                0.97012,                0.79705,                0.65066,                0.43139,                 1.1309,              0.0086181,              0.0086181,              0.0086181
                     69,                0.67929,                0.50181,                 1.0308,                0.95173,                0.97285,                0.98081,                0.80805,                0.62811,                0.40363,                  1.102,              0.0085975,              0.0085975,              0.0085975
                     70,                0.68462,                0.48965,                 1.0306,                0.93912,                0.97201,                0.98256,                0.81962,                0.58607,                   0.41,                   1.08,              0.0085769,              0.0085769,              0.0085769
                     71,                0.63599,                0.45135,                 1.0153,                0.91506,                0.95495,                0.95628,                0.80066,                0.58534,                0.42988,                 1.0584,              0.0085562,              0.0085562,              0.0085562
                     72,                0.66697,                0.44963,                  1.021,                0.90351,                0.95973,                 0.9631,                0.80495,                0.61858,                0.46705,                 1.0813,              0.0085356,              0.0085356,              0.0085356
                     73,                0.65448,                  0.458,                 1.0328,                0.89617,                0.91637,                0.92872,                0.78358,                0.65832,                0.56076,                 1.1193,               0.008515,               0.008515,               0.008515
                     74,                 0.6663,                0.44522,                 1.0164,                0.84828,                0.85999,                0.88627,                0.75405,                0.73378,                0.85914,                 1.2313,              0.0084944,              0.0084944,              0.0084944
                     75,                 0.6457,                0.44061,                 1.0271,                0.79417,                0.89476,                0.91546,                0.77518,                0.64805,                0.74559,                  1.125,              0.0084738,              0.0084738,              0.0084738
                     76,                0.65388,                0.44648,                 1.0431,                0.91787,                0.96426,                0.95496,                0.81061,                0.61545,                 0.4309,                 1.0905,              0.0084531,              0.0084531,              0.0084531
                     77,                0.64377,                0.44673,                 1.0239,                0.91024,                0.97507,                0.95195,                0.78757,                0.66457,                0.47358,                 1.1186,              0.0084325,              0.0084325,              0.0084325
                     78,                0.68231,                0.46202,                 1.0423,                0.90118,                0.95801,                0.95124,                0.79846,                0.61007,                0.41578,                 1.0984,              0.0084119,              0.0084119,              0.0084119
                     79,                0.63461,                0.46818,                  1.006,                0.94475,                0.97289,                0.96968,                0.80071,                0.63576,                0.38984,                 1.1004,              0.0083913,              0.0083913,              0.0083913
                     80,                0.64447,                0.44513,                 1.0058,                0.95322,                0.96321,                0.98326,                0.80796,                0.65923,                0.39262,                 1.1139,              0.0083706,              0.0083706,              0.0083706
                     81,                0.65214,                0.45106,                 1.0307,                 0.9553,                0.96998,                0.99014,                0.81586,                0.66833,                0.38887,                 1.1223,                0.00835,                0.00835,                0.00835
                     82,                0.66341,                0.44994,                 1.0232,                0.93411,                0.97082,                0.98007,                0.79587,                0.77549,                0.48683,                  1.232,              0.0083294,              0.0083294,              0.0083294
                     83,                0.63892,                0.42556,                0.98281,                0.94998,                0.93461,                0.97765,                0.82408,                0.73622,                0.49375,                 1.1588,              0.0083088,              0.0083088,              0.0083088
                     84,                0.63376,                0.43825,                 1.0107,                0.94304,                0.93872,                0.96474,                 0.8243,                0.61985,                0.44246,                 1.0838,              0.0082881,              0.0082881,              0.0082881
                     85,                0.65647,                0.45621,                 1.0082,                0.95707,                0.93615,                0.96608,                0.82514,                 0.6058,                0.40591,                  1.087,              0.0082675,              0.0082675,              0.0082675
                     86,                0.64141,                0.41807,                 1.0055,                0.95393,                0.92254,                0.96364,                0.80973,                0.63209,                0.41576,                 1.0833,              0.0082469,              0.0082469,              0.0082469
                     87,                0.62576,                0.43436,                  1.017,                0.92052,                0.94426,                0.97363,                0.80586,                0.64611,                0.40132,                 1.0954,              0.0082262,              0.0082262,              0.0082262
                     88,                0.63822,                0.45949,                 1.0161,                0.96366,                0.94458,                0.97226,                0.80616,                 0.6205,                0.37802,                 1.0884,              0.0082056,              0.0082056,              0.0082056
                     89,                0.66234,                0.46451,                 1.0402,                 0.9596,                0.96351,                0.96795,                0.80484,                0.63359,                0.41941,                 1.0903,               0.008185,               0.008185,               0.008185
                     90,                0.60874,                0.42128,                 1.0006,                0.94792,                0.96174,                0.97906,                 0.8198,                0.59085,                0.48024,                 1.0659,              0.0081644,              0.0081644,              0.0081644
                     91,                0.65475,                0.41503,                  1.012,                0.94135,                0.95909,                0.97745,                0.83176,                0.56986,                 0.4466,                 1.0644,              0.0081437,              0.0081437,              0.0081437
                     92,                0.63023,                0.43012,                 1.0163,                0.94213,                0.93641,                0.96964,                0.79428,                0.65474,                0.47738,                 1.1292,              0.0081231,              0.0081231,              0.0081231
                     93,                0.61972,                0.40713,                 1.0125,                0.95178,                0.91592,                0.94761,                0.79764,                0.63207,                0.42391,                 1.1034,              0.0081025,              0.0081025,              0.0081025
                     94,                0.64901,                0.44615,                 1.0108,                 0.8739,                 0.9288,                0.94461,                0.79291,                0.59809,                0.44648,                 1.1067,              0.0080819,              0.0080819,              0.0080819
                     95,                0.62197,                0.42772,                 1.0193,                0.94299,                0.91614,                0.94008,                0.80692,                0.55148,                0.40207,                 1.0547,              0.0080613,              0.0080613,              0.0080613
                     96,                0.60846,                0.41427,                0.99802,                0.92946,                0.92562,                0.95247,                0.80578,                0.57829,                0.40491,                 1.0453,              0.0080406,              0.0080406,              0.0080406
                     97,                0.61604,                0.40131,                0.99637,                0.95844,                0.96794,                 0.9757,                 0.8045,                0.59189,                0.37479,                 1.0568,                0.00802,                0.00802,                0.00802
                     98,                0.62719,                0.39114,                0.98618,                0.96229,                0.99055,                 0.9915,                 0.8273,                0.61761,                0.35986,                 1.0869,              0.0079994,              0.0079994,              0.0079994
                     99,                0.62182,                0.38376,                 1.0121,                0.95745,                0.98845,                  0.995,                0.80207,                0.66599,                0.35466,                 1.1275,              0.0079788,              0.0079788,              0.0079788
                    100,                0.58648,                0.38332,                0.99479,                0.96366,                0.98697,                0.99325,                0.80105,                0.70427,                0.35238,                 1.1368,              0.0079581,              0.0079581,              0.0079581
                    101,                0.58831,                 0.3954,                0.99323,                0.96271,                0.98424,                  0.995,                0.81887,                0.66135,                0.36421,                 1.1045,              0.0079375,              0.0079375,              0.0079375
                    102,                0.59005,                0.39559,                0.96818,                0.95947,                0.97641,                  0.995,                0.81889,                0.62844,                0.36755,                 1.0908,              0.0079169,              0.0079169,              0.0079169
                    103,                0.60706,                0.39913,                0.99677,                0.94981,                0.96191,                0.98975,                0.82145,                 0.5938,                 0.3591,                 1.0584,              0.0078963,              0.0078963,              0.0078963
                    104,                0.60392,                0.39867,                0.99446,                0.95653,                0.97632,                0.98291,                0.84071,                0.56175,                0.34256,                 1.0312,              0.0078756,              0.0078756,              0.0078756
                    105,                 0.6071,                0.42153,                0.98874,                0.95982,                0.97702,                0.99325,                0.85197,                 0.5532,                0.30891,                 1.0157,               0.007855,               0.007855,               0.007855
                    106,                 0.5897,                0.39165,                0.99293,                0.96453,                0.95618,                0.98464,                0.83199,                0.57615,                 0.3306,                 1.0266,              0.0078344,              0.0078344,              0.0078344
                    107,                0.60359,                0.39669,                 0.9997,                0.96931,                0.96963,                0.98742,                0.83348,                0.59444,                 0.3218,                 1.0334,              0.0078138,              0.0078138,              0.0078138
                    108,                0.60406,                 0.3948,                0.98808,                0.96821,                0.96917,                0.97873,                0.82299,                0.60108,                0.35142,                 1.0529,              0.0077931,              0.0077931,              0.0077931
                    109,                0.62504,                0.42158,                 0.9955,                0.96707,                0.96496,                 0.9778,                 0.8297,                0.58677,                0.33819,                 1.0598,              0.0077725,              0.0077725,              0.0077725
                    110,                0.62489,                0.42237,                0.98473,                0.95867,                0.95337,                0.97073,                0.82721,                0.58053,                0.38491,                 1.0612,              0.0077519,              0.0077519,              0.0077519
                    111,                0.61339,                0.41502,                 1.0139,                0.96385,                0.94949,                0.98742,                0.82417,                0.58413,                0.32865,                 1.0622,              0.0077313,              0.0077313,              0.0077313
                    112,                0.58517,                0.38751,                0.99162,                0.97233,                0.95121,                 0.9803,                 0.8264,                0.57606,                0.32517,                 1.0501,              0.0077106,              0.0077106,              0.0077106
                    113,                0.59523,                0.38184,                0.98772,                0.96875,                0.95622,                0.98012,                0.83629,                0.56131,                0.33836,                 1.0304,                0.00769,                0.00769,                0.00769
                    114,                0.56764,                0.39434,                0.97701,                0.94847,                0.98258,                0.98905,                0.83827,                0.57174,                0.33207,                 1.0397,              0.0076694,              0.0076694,              0.0076694
                    115,                0.58387,                0.39396,                 0.9835,                0.95717,                0.96876,                 0.9873,                0.82802,                 0.5961,                0.35419,                 1.0732,              0.0076488,              0.0076488,              0.0076488
                    116,                0.58903,                0.40501,                 1.0006,                0.96551,                0.96365,                 0.9908,                0.85073,                0.55257,                0.35902,                 1.0625,              0.0076281,              0.0076281,              0.0076281
                    117,                0.56888,                0.38294,                0.97298,                0.97097,                0.97708,                0.98975,                0.86969,                0.53894,                  0.338,                 1.0434,              0.0076075,              0.0076075,              0.0076075
                    118,                0.58557,                0.39608,                 1.0032,                0.95599,                0.98362,                0.98975,                0.84379,                 0.5467,                 0.3446,                 1.0488,              0.0075869,              0.0075869,              0.0075869
                    119,                0.60132,                0.37855,                0.99732,                0.96765,                0.95347,                 0.9709,                0.82467,                0.54622,                0.36193,                 1.0438,              0.0075663,              0.0075663,              0.0075663
                    120,                0.60225,                0.39702,                 1.0119,                0.95421,                0.95398,                0.96677,                0.83227,                0.54668,                0.37454,                 1.0252,              0.0075456,              0.0075456,              0.0075456
                    121,                 0.5683,                0.40746,                0.97653,                0.97137,                0.97143,                0.97269,                0.84476,                0.54477,                0.32685,                 1.0165,               0.007525,               0.007525,               0.007525
                    122,                0.58317,                0.38782,                0.98218,                0.96331,                0.97051,                0.97233,                0.83775,                0.55209,                0.32449,                 1.0144,              0.0075044,              0.0075044,              0.0075044
                    123,                0.58994,                0.40348,                0.98695,                0.96487,                0.95943,                0.98199,                0.82195,                0.59253,                0.35303,                 1.0493,              0.0074837,              0.0074837,              0.0074837
                    124,                0.57608,                0.38653,                0.97672,                0.95708,                0.94762,                0.98131,                0.83731,                0.56735,                0.35559,                 1.0328,              0.0074631,              0.0074631,              0.0074631
                    125,                0.55188,                0.37489,                 0.9906,                0.92338,                0.95714,                0.96922,                0.82907,                0.56656,                  0.378,                 1.0348,              0.0074425,              0.0074425,              0.0074425
                    126,                0.59203,                0.38155,                 1.0103,                0.96861,                0.96686,                 0.9873,                0.83536,                0.58973,                0.35834,                 1.0745,              0.0074219,              0.0074219,              0.0074219
                    127,                0.58194,                0.36784,                0.98545,                0.97048,                0.94591,                0.98241,                0.83601,                0.57652,                0.37783,                 1.0634,              0.0074013,              0.0074013,              0.0074013
                    128,                0.58219,                0.38396,                0.98669,                0.95289,                0.91939,                0.97294,                0.83509,                0.55704,                0.37799,                 1.0558,              0.0073806,              0.0073806,              0.0073806
                    129,                0.56264,                0.38311,                 1.0103,                0.93129,                0.93884,                0.96699,                0.82293,                0.57648,                0.40913,                 1.0566,                0.00736,                0.00736,                0.00736
                    130,                0.57498,                0.36498,                 1.0044,                0.96429,                0.93807,                0.97762,                0.81608,                0.60811,                0.37219,                 1.0739,              0.0073394,              0.0073394,              0.0073394
                    131,                0.57083,                0.39383,                0.98768,                0.96904,                0.94988,                0.98524,                0.83206,                0.58866,                0.34261,                 1.0551,              0.0073188,              0.0073188,              0.0073188
                    132,                0.59427,                0.39521,                0.98383,                0.95978,                0.97143,                0.98353,                0.84395,                0.57429,                 0.3214,                 1.0371,              0.0072981,              0.0072981,              0.0072981
                    133,                0.59143,                0.35682,                 1.0004,                0.95019,                0.97143,                0.97772,                0.83947,                0.56168,                0.31663,                 1.0259,              0.0072775,              0.0072775,              0.0072775
                    134,                0.56122,                0.35245,                0.96402,                0.96857,                0.99919,                0.98256,                0.85654,                0.54281,                0.30491,                 1.0175,              0.0072569,              0.0072569,              0.0072569
                    135,                0.57282,                0.39622,                0.99719,                0.95711,                      1,                0.98256,                0.83512,                0.55556,                0.29986,                 1.0189,              0.0072362,              0.0072362,              0.0072362
                    136,                 0.5457,                0.35882,                0.98211,                0.97179,                0.99814,                0.98256,                0.82627,                0.58224,                0.32712,                 1.0343,              0.0072156,              0.0072156,              0.0072156
                    137,                0.53337,                 0.3773,                0.99257,                0.96121,                0.97143,                0.97906,                0.80769,                0.58689,                0.32661,                 1.0471,               0.007195,               0.007195,               0.007195
                    138,                0.57041,                0.37995,                0.97436,                0.95261,                0.94286,                0.96531,                 0.7858,                0.64705,                0.38447,                 1.1375,              0.0071744,              0.0071744,              0.0071744
                    139,                0.56134,                0.37525,                 0.9725,                0.96138,                0.96721,                0.96568,                0.79977,                0.62032,                0.34942,                  1.134,              0.0071538,              0.0071538,              0.0071538
                    140,                0.53985,                0.35927,                0.98911,                0.94812,                0.98266,                0.98256,                0.83653,                0.55932,                 0.3222,                 1.0374,              0.0071331,              0.0071331,              0.0071331
                    141,                0.52713,                0.35489,                0.96799,                0.97123,                0.97708,                0.98256,                0.83419,                0.54891,                0.30118,                 1.0348,              0.0071125,              0.0071125,              0.0071125
                    142,                0.52823,                0.35723,                0.97506,                0.94334,                0.98874,                0.98787,                0.83426,                0.57154,                0.32609,                 1.0521,              0.0070919,              0.0070919,              0.0070919
                    143,                0.54355,                0.36897,                0.97418,                0.94021,                0.98667,                0.98262,                0.82895,                0.58344,                0.35659,                 1.0484,              0.0070712,              0.0070712,              0.0070712
                    144,                0.52896,                0.36051,                0.97704,                0.91736,                0.97161,                0.98219,                 0.8317,                0.59004,                0.54528,                 1.0567,              0.0070506,              0.0070506,              0.0070506
                    145,                 0.5342,                0.34128,                0.96414,                0.83987,                0.99188,                0.99325,                0.84673,                0.56418,                0.57388,                 1.0348,                0.00703,                0.00703,                0.00703
                    146,                0.53176,                0.34574,                0.97211,                 0.9314,                0.94126,                0.99325,                0.85689,                0.55189,                0.41861,                 1.0311,              0.0070094,              0.0070094,              0.0070094
                    147,                0.53942,                0.34911,                 0.9425,                0.95894,                0.92866,                0.98989,                0.85106,                0.54209,                0.36542,                 1.0282,              0.0069888,              0.0069888,              0.0069888
                    148,                 0.5318,                0.34536,                0.97968,                0.94143,                0.98788,                 0.9915,                0.85315,                0.55166,                0.34757,                 1.0435,              0.0069681,              0.0069681,              0.0069681
                    149,                0.55254,                0.36696,                0.96985,                0.93712,                0.95982,                0.98975,                0.85193,                0.57741,                 0.3263,                 1.0742,              0.0069475,              0.0069475,              0.0069475
                    150,                0.52818,                0.35307,                0.97238,                0.93347,                0.99774,                  0.995,                0.86114,                0.54712,                0.29703,                 1.0439,              0.0069269,              0.0069269,              0.0069269
                    151,                0.54833,                0.36049,                0.97049,                0.93242,                0.90975,                0.98787,                0.84025,                0.59143,                0.45863,                 1.0855,              0.0069063,              0.0069063,              0.0069063
                    152,                0.54138,                0.35661,                0.98086,                0.94511,                0.96392,                0.98625,                0.82826,                0.61508,                0.37111,                 1.1022,              0.0068856,              0.0068856,              0.0068856
                    153,                0.53929,                0.36076,                0.98028,                0.96771,                      1,                0.99325,                0.83935,                0.56251,                0.29264,                 1.0399,               0.006865,               0.006865,               0.006865
                    154,                0.56455,                0.37376,                0.97639,                 0.9691,                0.99013,                 0.9915,                0.85626,                0.54712,                0.30261,                 1.0178,              0.0068444,              0.0068444,              0.0068444
                    155,                0.53885,                0.35558,                0.96473,                0.96839,                0.99819,                 0.9915,                0.86329,                0.54932,                 0.2955,                 1.0065,              0.0068238,              0.0068238,              0.0068238
                    156,                0.53335,                0.35393,                0.97927,                0.96657,                0.99454,                0.99325,                0.85656,                 0.5612,                 0.3176,                 1.0247,              0.0068031,              0.0068031,              0.0068031
                    157,                0.56354,                0.36969,                0.98781,                0.96924,                0.99623,                 0.9915,                0.85308,                0.56738,                0.30223,                 1.0357,              0.0067825,              0.0067825,              0.0067825
                    158,                0.53211,                0.35701,                0.95073,                0.96329,                0.98359,                0.98787,                 0.8414,                0.59218,                0.31147,                 1.0529,              0.0067619,              0.0067619,              0.0067619
                    159,                0.54231,                0.35168,                0.96406,                0.96549,                 0.9698,                0.98613,                0.84295,                 0.5919,                0.30519,                 1.0417,              0.0067413,              0.0067413,              0.0067413
                    160,                0.51551,                 0.3311,                0.95801,                0.93966,                0.98748,                0.98256,                0.84301,                0.56428,                0.32135,                 1.0291,              0.0067206,              0.0067206,              0.0067206
                    161,                0.52766,                0.34222,                0.97114,                0.96357,                 0.9524,                0.98437,                0.83872,                0.58523,                0.34003,                 1.0507,                 0.0067,                 0.0067,                 0.0067
                    162,                0.55332,                0.36242,                0.97857,                0.96828,                0.96339,                0.98612,                0.83054,                 0.5793,                0.33509,                 1.0442,              0.0066794,              0.0066794,              0.0066794
                    163,                0.54994,                0.36607,                0.97623,                0.96092,                0.97143,                0.98438,                0.83833,                0.56823,                 0.3167,                  1.034,              0.0066587,              0.0066587,              0.0066587
                    164,                0.50462,                0.33373,                0.95335,                0.97102,                0.95825,                0.98165,                0.84809,                0.58113,                 0.3172,                 1.0351,              0.0066381,              0.0066381,              0.0066381
                    165,                0.53133,                 0.3321,                0.97518,                0.95733,                0.95714,                 0.9845,                0.84121,                0.55501,                0.32001,                 1.0144,              0.0066175,              0.0066175,              0.0066175
                    166,                0.50206,                0.34727,                0.96538,                0.97256,                0.95279,                 0.9752,                 0.8405,                0.55413,                0.30835,                 1.0181,              0.0065969,              0.0065969,              0.0065969
                    167,                 0.5402,                0.35864,                0.96806,                0.97034,                0.95049,                0.97983,                0.83507,                0.57453,                0.30234,                 1.0287,              0.0065763,              0.0065763,              0.0065763
                    168,                0.52328,                0.34599,                0.95872,                 0.9473,                0.98571,                0.98055,                0.83879,                0.56801,                0.32092,                 1.0347,              0.0065556,              0.0065556,              0.0065556
                    169,                0.52734,                0.36346,                 0.9632,                0.95153,                0.98057,                0.97907,                0.82777,                0.58902,                0.32603,                 1.0525,               0.006535,               0.006535,               0.006535
                    170,                0.50466,                0.34433,                0.97797,                 0.9645,                0.94266,                0.96758,                0.82334,                0.58635,                0.34088,                 1.0502,              0.0065144,              0.0065144,              0.0065144
                    171,                  0.505,                0.32835,                0.95966,                0.97239,                0.94942,                0.97731,                0.82734,                0.57495,                 0.3388,                 1.0494,              0.0064937,              0.0064937,              0.0064937
                    172,                0.51483,                0.33404,                0.97231,                 0.9686,                0.96735,                0.97416,                0.81756,                0.61519,                0.33226,                 1.0796,              0.0064731,              0.0064731,              0.0064731
                    173,                  0.536,                0.35124,                0.98312,                0.96445,                0.96708,                 0.9799,                0.82741,                0.60838,                0.32397,                  1.079,              0.0064525,              0.0064525,              0.0064525
                    174,                0.52852,                0.34821,                0.95752,                0.97421,                0.97172,                0.98256,                0.82101,                0.59784,                0.32244,                  1.078,              0.0064319,              0.0064319,              0.0064319
                    175,                0.50553,                0.33834,                0.97279,                0.94804,                0.97143,                0.97194,                0.83601,                0.55401,                0.31847,                 1.0418,              0.0064112,              0.0064112,              0.0064112
                    176,                0.48574,                0.33249,                0.95642,                0.97274,                0.97143,                0.97238,                0.84328,                0.53275,                0.32084,                 1.0167,              0.0063906,              0.0063906,              0.0063906
                    177,                0.51817,                0.34926,                0.96628,                0.97441,                0.97143,                0.97634,                0.84717,                0.54016,                0.30825,                 1.0138,                0.00637,                0.00637,                0.00637
                    178,                0.51483,                0.37271,                0.95644,                  0.971,                0.97104,                0.98256,                0.85334,                0.53299,                0.29548,                 1.0039,              0.0063494,              0.0063494,              0.0063494
                    179,                0.53033,                0.35765,                0.97122,                0.96973,                0.95908,                0.98276,                0.84283,                0.55901,                0.30843,                 1.0214,              0.0063288,              0.0063288,              0.0063288
                    180,                0.49271,                0.33145,                0.95103,                0.96864,                0.96065,                0.98464,                0.84048,                0.55203,                0.31117,                 1.0211,              0.0063081,              0.0063081,              0.0063081
                    181,                0.51679,                0.34309,                0.96162,                0.96933,                0.95964,                0.98167,                0.85609,                0.52488,                0.29251,                 1.0025,              0.0062875,              0.0062875,              0.0062875
                    182,                0.48998,                0.35398,                0.94703,                0.95151,                0.96188,                0.98291,                0.85013,                0.54404,                0.31137,                 1.0165,              0.0062669,              0.0062669,              0.0062669
                    183,                0.47285,                0.31786,                0.93197,                0.95995,                0.96263,                 0.9888,                0.86005,                0.53846,                0.30738,                 1.0187,              0.0062463,              0.0062463,              0.0062463
                    184,                0.47949,                0.31844,                0.95165,                0.96167,                0.97308,                0.99014,                0.85399,                0.54361,                0.29184,                 1.0298,              0.0062256,              0.0062256,              0.0062256
                    185,                0.46958,                0.30134,                0.93916,                0.96547,                0.97951,                0.98081,                0.84072,                0.53469,                0.29177,                 1.0284,               0.006205,               0.006205,               0.006205
                    186,                0.50104,                0.32967,                0.95164,                 0.9669,                0.95878,                 0.9699,                0.81993,                0.58581,                0.28882,                 1.0774,              0.0061844,              0.0061844,              0.0061844
                    187,                0.49435,                0.32645,                0.96419,                0.95341,                0.97183,                0.96826,                0.82414,                0.61219,                0.31187,                 1.0943,              0.0061637,              0.0061637,              0.0061637
                    188,                0.50592,                0.35559,                0.96848,                0.94376,                 0.9606,                0.97163,                 0.8341,                0.56752,                0.28964,                 1.0672,              0.0061431,              0.0061431,              0.0061431
                    189,                0.49589,                 0.3488,                0.94007,                0.93622,                0.98405,                0.97475,                0.84177,                0.55587,                0.28463,                 1.0599,              0.0061225,              0.0061225,              0.0061225
                    190,                0.49194,                0.30532,                0.94204,                0.94587,                0.95426,                0.96774,                0.83239,                0.55653,                0.28039,                 1.0513,              0.0061019,              0.0061019,              0.0061019
                    191,                0.50909,                0.33784,                0.95932,                0.97161,                0.94581,                0.97129,                 0.8366,                0.57715,                0.28688,                 1.0685,              0.0060813,              0.0060813,              0.0060813
                    192,                0.52692,                0.33284,                0.94607,                0.96164,                0.95772,                0.98017,                0.83947,                0.56254,                0.29067,                 1.0475,              0.0060606,              0.0060606,              0.0060606
                    193,                0.49156,                0.32282,                0.94454,                0.94703,                 0.9867,                0.98438,                0.84659,                0.55498,                0.27909,                 1.0597,                0.00604,                0.00604,                0.00604
                    194,                0.47731,                 0.3107,                0.94364,                0.95868,                0.98761,                0.98081,                0.83422,                0.57705,                0.27628,                 1.0791,              0.0060194,              0.0060194,              0.0060194
                    195,                0.50387,                0.33067,                0.97908,                0.95838,                0.99047,                0.98437,                0.83463,                0.60935,                0.28509,                 1.1092,              0.0059988,              0.0059988,              0.0059988
                    196,                0.48491,                0.32958,                0.95829,                0.97451,                0.98746,                  0.995,                0.85836,                0.59295,                0.28342,                 1.0928,              0.0059781,              0.0059781,              0.0059781
                    197,                0.50208,                0.31641,                0.95282,                0.96268,                 0.9878,                 0.9915,                0.85325,                0.56967,                0.29516,                 1.0557,              0.0059575,              0.0059575,              0.0059575
                    198,                0.48595,                0.31702,                0.92496,                0.96016,                 0.9974,                 0.9915,                0.85629,                0.55048,                0.27622,                 1.0416,              0.0059369,              0.0059369,              0.0059369
                    199,                0.50509,                0.31886,                0.97104,                0.95762,                0.98571,                0.99325,                0.84198,                0.55344,                0.32016,                 1.0481,              0.0059163,              0.0059163,              0.0059163
                    200,                0.52504,                0.34672,                0.95791,                0.96571,                0.98876,                  0.995,                0.84762,                0.54353,                0.33335,                 1.0326,              0.0058956,              0.0058956,              0.0058956
                    201,                0.45968,                0.30304,                0.93949,                0.97038,                0.98869,                0.99325,                0.84621,                0.55466,                0.29044,                 1.0311,               0.005875,               0.005875,               0.005875
                    202,                 0.4711,                0.31252,                0.94715,                0.96209,                0.98801,                  0.995,                0.86015,                0.54691,                0.27779,                 1.0264,              0.0058544,              0.0058544,              0.0058544
                    203,                0.49987,                0.32449,                0.96914,                0.97346,                0.96049,                  0.995,                0.85596,                0.54925,                 0.3014,                  1.031,              0.0058337,              0.0058337,              0.0058337
                    204,                0.48545,                0.31176,                0.93769,                0.97298,                0.95925,                  0.995,                0.85935,                0.54565,                0.30017,                 1.0289,              0.0058131,              0.0058131,              0.0058131
                    205,                0.48693,                0.33044,                0.94125,                0.96043,                0.97283,                  0.995,                0.86336,                0.54136,                0.29607,                 1.0297,              0.0057925,              0.0057925,              0.0057925
                    206,                0.48774,                0.31969,                0.93849,                0.94967,                0.99641,                 0.9915,                0.86405,                 0.5534,                0.27828,                 1.0263,              0.0057719,              0.0057719,              0.0057719
                    207,                0.47803,                0.30293,                0.94354,                0.96617,                0.98388,                0.99325,                0.85791,                0.55901,                0.27773,                 1.0312,              0.0057513,              0.0057513,              0.0057513
                    208,                0.48321,                0.32728,                0.95655,                0.97177,                0.99041,                  0.995,                0.85204,                0.56129,                0.27169,                 1.0395,              0.0057306,              0.0057306,              0.0057306
                    209,                0.46547,                0.29762,                0.96273,                0.97473,                0.96288,                0.98989,                0.85076,                0.56516,                0.26925,                 1.0449,                0.00571,                0.00571,                0.00571
                    210,                0.46943,                0.29008,                0.93846,                 0.9574,                0.96033,                 0.9799,                0.82845,                0.57654,                0.28768,                 1.0672,              0.0056894,              0.0056894,              0.0056894
                    211,                0.47137,                0.31483,                 0.9423,                0.95913,                0.95809,                0.97598,                  0.834,                0.56699,                0.30676,                  1.075,              0.0056688,              0.0056688,              0.0056688
                    212,                0.47962,                0.30022,                0.94098,                0.97344,                0.96146,                0.98132,                0.84434,                0.54628,                 0.3058,                 1.0354,              0.0056481,              0.0056481,              0.0056481
                    213,                0.48332,                0.32153,                0.94345,                0.97227,                0.95947,                0.98664,                0.84922,                0.55676,                0.31015,                 1.0347,              0.0056275,              0.0056275,              0.0056275
                    214,                0.46196,                0.30383,                 0.9489,                0.96501,                0.95825,                  0.995,                0.85392,                0.57605,                0.31789,                 1.0444,              0.0056069,              0.0056069,              0.0056069
                    215,                 0.4787,                0.32195,                0.95215,                0.95883,                0.95798,                  0.995,                0.85482,                0.58575,                0.31065,                 1.0536,              0.0055863,              0.0055863,              0.0055863
                    216,                0.47385,                0.29494,                0.94612,                0.96548,                0.96095,                  0.995,                0.86436,                0.56487,                0.29704,                 1.0375,              0.0055656,              0.0055656,              0.0055656
                    217,                0.45837,                0.31393,                0.93495,                0.96808,                0.96009,                  0.995,                0.86124,                0.55745,                0.30812,                 1.0331,               0.005545,               0.005545,               0.005545
